{
    "nnaemeka": [],
    "okwy": [],
    "ozioma": [],
    "naza": [
        "BTC"
    ],
    "chiboi": [],
    "sam@gmail.com": [
        {
            "coin": "BTC",
            "amount": 1
        },
        {
            "coin": "ETH",
            "amount": 1
        },
        {
            "coin": "BNB",
            "amount": 0
        }
    ],
    "nnaemeka@gmail.com": [
        {
            "coin": "BTC",
            "amount": 12
        },
        {
            "coin": "ETH",
            "amount": 1
        },
        {
            "coin": "BNB",
            "amount": 12
        }
    ],
    "chidubem@gmail.com": [
        {
            "coin": "BTC",
            "amount": 1
        }
    ]
}