[
   
    {
        "username": "sam@gmail.com",
        "full_name": "sam",
        "password": "$2y$10$Dp5t7f36tuQjwV7RT.2XhuKN8buWkI4ttV7Wv26PLcJQRKLaek5VC"
    },
    {
        "username": "nnaemeka@gmail.com",
        "full_name": "okorie nnaemeka",
        "password": "$2y$10$o2Gj71KkFbwJYEL8AGhhF.eTOdQNyxOj3IpGeiYZQg9N0rmhhwcmm"
    },
    {
        "username": "chidubem@gmail.com",
        "full_name": "okorie chidubem",
        "password": "$2y$10$AC\/Z.eVi2jexFVNWtEa\/1OYXkW5nOcnz1O3J52e\/MqJHRPAQZp39q"
    }
]